 	BarcodeSequence	LinkerPrimerSequence	BarcodeName	Repeats	ProjectName	Description	quant_reading	Sample_or_Control	SampleID	Year	Site	Sample_type	Sample
01A115	CTCTGACT	AACCTGGTTGATCCTGCCAGT	Euk7Fbar1		030216ENMeuk7F	01A115	10.5	True Sample	01A115	2015	1	Sediment (100 - 500 um)	01Sed1
01A115b	CTCTGAGA	AACCTGGTTGATCCTGCCAGT	Euk7Fbar2		030216ENMeuk7F	01A115b	10.5	True Sample	01A115b	2015	1	Sediment (100 - 500 um)	01Sed1
01A15	CTCTTCAG	AACCTGGTTGATCCTGCCAGT	Euk7Fbar5		030216ENMeuk7F	01A15	8	True Sample	01A15	2015	1	Sessile	01Sess
01A15b	CTCTTCTC	AACCTGGTTGATCCTGCCAGT	Euk7Fbar6		030216ENMeuk7F	01A15b	8	True Sample	01A15b	2015	1	Sessile	01Sess
01A515	CTCTGTCA	AACCTGGTTGATCCTGCCAGT	Euk7Fbar3		030216ENMeuk7F	01A515	27.5	True Sample	01A515	2015	1	Sediment (500 um - 2 mm)	01Sed2
01A515b	CTCTGTGT	AACCTGGTTGATCCTGCCAGT	Euk7Fbar4		030216ENMeuk7F	01A515b	27.5	True Sample	01A515b	2015	1	Sediment (500 um - 2 mm)	01Sed2
17A	CTGAACAC	AACCTGGTTGATCCTGCCAGT	Euk7Fbar9		120115ENMeuk7F	17A	12.1	True Sample		NA	NA	NA	NA
17A115	CTGACTCT	AACCTGGTTGATCCTGCCAGT	Euk7Fbar15		030216ENMeuk7F	17A115	27.6	True Sample	17A115	2015	17	Sediment (100 - 500 um)	17Sed1
17A115b	CTCTGTCA	AACCTGGTTGATCCTGCCAGT	Euk7Fbar3		120115ENMeuk7F	17A115b	27.6	True Sample	17A115b	2015	17	Sediment (100 - 500 um)	17Sed1
17A15	CTCTTGAC	AACCTGGTTGATCCTGCCAGT	Euk7Fbar7		030216ENMeuk7F	1A15	9.6	True Sample	17A15	2015	17	Sessile	17Sess
17A15b	CTCTTGTG	AACCTGGTTGATCCTGCCAGT	Euk7Fbar8		030216ENMeuk7F	17A15b	9.6	True Sample	17A15b	2015	17	Sessile	17Sess
17A515	CTGACTGA	AACCTGGTTGATCCTGCCAGT	Euk7Fbar16		030216ENMeuk7F	17A515	76.8	True Sample	17A515	2015	17	Sediment (500 um - 2 mm)	17Sed2
17A515b	CTCTGTGT	AACCTGGTTGATCCTGCCAGT	Euk7Fbar4		120115ENMeuk7F	17A515b	76.8	True Sample	17A515b	2015	17	Sediment (500 um - 2 mm)	17Sed2
17B	CTGAACTG	AACCTGGTTGATCCTGCCAGT	Euk7Fbar10		120115ENMeuk7F	17B	9	True Sample		NA	NA	NA	NA
17B115	CTCTTCAG	AACCTGGTTGATCCTGCCAGT	Euk7Fbar5		120115ENMeuk7F	17B115	NA	True Sample		NA	NA	NA	NA
17B515	CTCTTCTC	AACCTGGTTGATCCTGCCAGT	Euk7Fbar6		120115ENMeuk7F	17B515	NA	True Sample		NA	NA	NA	NA
19A	CTGACACA	AACCTGGTTGATCCTGCCAGT	Euk7Fbar13		030216ENMeuk7F	19A	10	True Sample		NA	NA	NA	NA
19A1	CTGAAGAG	AACCTGGTTGATCCTGCCAGT	Euk7Fbar11		030216ENMeuk7F	19A1	1	True Sample		NA	NA	NA	NA
19A115	CTGAGACT	AACCTGGTTGATCCTGCCAGT	Euk7Fbar17		030216ENMeuk7F	19A115	7.7	True Sample	19A115	2015	19	Sediment (100 - 500 um)	19Sed1
19A115b	CTCTTGAC	AACCTGGTTGATCCTGCCAGT	Euk7Fbar7		120115ENMeuk7F	19A115b	7.7	True Sample	19A115b	2015	19	Sediment (100 - 500 um)	19Sed1
19A15	CTGAACAC	AACCTGGTTGATCCTGCCAGT	Euk7Fbar9		030216ENMeuk7F	19A15	5.1	True Sample	19A15	2015	19	Sessile	19Sess
19A15b	CTGAACTG	AACCTGGTTGATCCTGCCAGT	Euk7Fbar10		030216ENMeuk7F	19A15b	5.1	True Sample	19A15b	2015	19	Sessile	19Sess
19A1b	CTCTGACT	AACCTGGTTGATCCTGCCAGT	Euk7Fbar1		120115ENMeuk7F	19A1b	1	True Sample		NA	NA	NA	NA
19A5	CTGAAGTC	AACCTGGTTGATCCTGCCAGT	Euk7Fbar12		030216ENMeuk7F	19A5	3.6	True Sample		NA	NA	NA	NA
19A515	CTGAGAGA	AACCTGGTTGATCCTGCCAGT	Euk7Fbar18		030216ENMeuk7F	19A515	29.4	True Sample	19A515	2015	19	Sediment (500 um - 2 mm)	19Sed2
19A515b	CTCTTGTG	AACCTGGTTGATCCTGCCAGT	Euk7Fbar8		120115ENMeuk7F	19A515b	29.4	True Sample	19A515b	2015	19	Sediment (500 um - 2 mm)	19Sed2
19A5b	CTCTGAGA	AACCTGGTTGATCCTGCCAGT	Euk7Fbar2		120115ENMeuk7F	19A5b	3.6	True Sample		NA	NA	NA	NA
19Ab	CTGAAGAG	AACCTGGTTGATCCTGCCAGT	Euk7Fbar11		120115ENMeuk7F	19Ab	10	True Sample		NA	NA	NA	NA
19B	CTGAAGTC	AACCTGGTTGATCCTGCCAGT	Euk7Fbar12		120115ENMeuk7F	19B	14.3	True Sample		NA	NA	NA	NA
PAL.04	CTCTGACT	AACCTGGTTGATCCTGCCAGT	Euk7Fbar1		030215EN7F	PAL.04	66.3	True Sample	PAL.04	2012	4	Water	04Water
PAL.05	CTCTGAGA	AACCTGGTTGATCCTGCCAGT	Euk7Fbar2		030215EN7F	PAL.05	13.3	True Sample	PAL.05	2012	5	Water	05Water
PAL.06	CTCTGTCA	AACCTGGTTGATCCTGCCAGT	Euk7Fbar3		030215EN7F	PAL.06	15.1	True Sample	PAL.06	2012	6	Water	06Water
PAL.10	CTCTGTGT	AACCTGGTTGATCCTGCCAGT	Euk7Fbar4		030215EN7F	PAL.10	18.1	True Sample	PAL.10	2012	10	Water	10Water
PAL.12	CTCTTCAG	AACCTGGTTGATCCTGCCAGT	Euk7Fbar5		030215EN7F	PAL.12	68.3	True Sample	PAL.12	2012	12	Water	12Water
PAL.19	CTCTTCTC	AACCTGGTTGATCCTGCCAGT	Euk7Fbar6		030215EN7F	PAL.19	29.8	True Sample	PAL.19	2012	19	Water	19Water
PAL.25	CTCTTGAC	AACCTGGTTGATCCTGCCAGT	Euk7Fbar7		030215EN7F	PAL.25	68.4	True Sample	PAL.25	2012	25	Water	25Water
PAL19	CTGACAGT	AACCTGGTTGATCCTGCCAGT	Euk7Fbar14		030216ENMeuk7F	PAL19	29.8	True Sample		NA	NA	NA	NA